<?xml version="1.0" encoding="UTF-8"?>
<!DOCTYPE hibernate-configuration PUBLIC
		"-//Hibernate/Hibernate Configuration DTD 3.0//EN"
		"http://hibernate.sourceforge.net/hibernate-configuration-3.0.dtd">
<hibernate-configuration>
    <session-factory>
    	<!-- 配置数据库连接的基本信息 -->
    	<property name="connection.username">root</property>
    	<property name="connection.password">mysqladmin</property>
    	<property name="connection.driver_class">com.mysql.jdbc.Driver</property>
    	<property name="connection.url">jdbc:mysql://localhost:3306/hp_hibernate</property>
    	<property name="connection.isolation">2</property>
    	
    	<!-- 配置hibernate的基本信息 -->
    	<!-- hibernate 所使用的数据库方言 -->
    	<property name="dialect">org.hibernate.dialect.MySQLDialect</property>
    	<!-- 执行操作时是否在控制台打印SQL -->
    	<property name="show_sql">true</property>
    	<!-- 是否对SQL进行格式化 -->
    	<property name="format_sql">true</property>
    	<!-- 指定自动生成表的策略 -->
    	<property name="hbm2ddl.auto">update</property>
    	
    	
    	<!-- 指定关联的hbm.xml文件 -->
		<!-- <mapping resource="com/hibernate/joined/subclass/Person.hbm.xml"/> -->
		<!-- <mapping resource="com/hibernate/extend/Person.hbm.xml"/> -->
		<mapping resource="com/hibernate/union/subclass/Person.hbm.xml"/>
    </session-factory>
</hibernate-configuration>
