<?xml version="1.0"?>
<!DOCTYPE hibernate-mapping PUBLIC "-//Hibernate/Hibernate Mapping DTD 3.0//EN"
"http://hibernate.sourceforge.net/hibernate-mapping-3.0.dtd">
<!-- Generated 2017-8-22 10:50:40 by Hibernate Tools 3.4.0.CR1 -->
<hibernate-mapping>
    <class name="com.hibernate.helloworld.n21.Customer" table="CUSTOMERS">
        <id name="customerId" type="java.lang.Integer">
            <column name="CUSTOMER_ID" />
            <generator class="native" />
        </id>
        <property name="customerName" type="java.lang.String">
            <column name="CUSTOMER_NAME" />
        </property>
    </class>
</hibernate-mapping>
