<?xml version="1.0"?>
<!DOCTYPE hibernate-mapping PUBLIC "-//Hibernate/Hibernate Mapping DTD 3.0//EN"
"http://hibernate.sourceforge.net/hibernate-mapping-3.0.dtd">
<!-- Generated 2017-8-24 10:56:08 by Hibernate Tools 3.4.0.CR1 -->
<hibernate-mapping package="com.hibernate.n2n.both">
    <class name="Category" table="CATEGORY">
        <id name="id" type="java.lang.Integer">
            <column name="ID" />
            <generator class="native" />
        </id>
        <property name="name" type="java.lang.String">
            <column name="NAME" />
        </property>
        <set name="items" table="CATEGORIES_ITEMS" >
            <key>
                <column name="C_ID" />
            </key>
            <many-to-many class="Item" column="I_ID"></many-to-many>
        </set>
    </class>
</hibernate-mapping>
