<?xml version="1.0"?>
<!DOCTYPE hibernate-mapping PUBLIC "-//Hibernate/Hibernate Mapping DTD 3.0//EN"
"http://hibernate.sourceforge.net/hibernate-mapping-3.0.dtd">
<!-- Generated 2017-8-28 16:30:52 by Hibernate Tools 3.4.0.CR1 -->
<hibernate-mapping package="com.hibernate.union.subclass">
    <class name="Person" table="PERSONS">
        <id name="id" type="java.lang.Integer">
            <column name="ID" />
            <generator class="hilo" />
        </id>
        <property name="name" type="java.lang.String">
            <column name="NAME" />
        </property>
        <property name="age" type="int">
            <column name="AGE" />
        </property>
        
        <union-subclass name="Student" table="STUDENTS">
        	<property name="school" column="SCHOOL" type="string"></property>
        </union-subclass>
    </class>
</hibernate-mapping>
