<?xml version="1.0"?>
<!DOCTYPE hibernate-mapping PUBLIC "-//Hibernate/Hibernate Mapping DTD 3.0//EN"
"http://hibernate.sourceforge.net/hibernate-mapping-3.0.dtd">
<!-- Generated 2017-8-23 14:20:18 by Hibernate Tools 3.4.0.CR1 -->
<hibernate-mapping>
    <class name="com.hibernate.one2one.foreign.Department" table="DEPARTMENT">
        <id name="deptId" type="java.lang.Integer">
            <column name="DEPT_ID" />
            <generator class="native" />
        </id>
        <property name="deptName" type="java.lang.String">
            <column name="DEPT_NAME" />
        </property>
        
        <many-to-one name="mgr" class="com.hibernate.one2one.foreign.Manager" 
        column="MGR_ID" unique="true">
        </many-to-one>
    </class>
</hibernate-mapping>
