<?xml version="1.0"?>
<!DOCTYPE hibernate-mapping PUBLIC "-//Hibernate/Hibernate Mapping DTD 3.0//EN"
"http://hibernate.sourceforge.net/hibernate-mapping-3.0.dtd">
<!-- Generated 2017-8-23 14:20:18 by Hibernate Tools 3.4.0.CR1 -->
<hibernate-mapping>
    <class name="com.hibernate.one2one.foreign.Manager" table="MANAGER">
        <id name="mgrId" type="java.lang.Integer">
            <column name="MGR_ID" />
            <generator class="native" />
        </id>
        <property name="mgrName" type="java.lang.String">
            <column name="MGR_NAME" />
        </property>
        
        <!-- 
        	没有外键的一端需要使用one-to-one元素，该元素使用property-ref属性指定使用被关联实体主键以外的字段
        	作为关联字段
         -->
        <one-to-one name="dept" class="com.hibernate.one2one.foreign.Department" 
        property-ref="mgr"></one-to-one>
        
    </class>
</hibernate-mapping>
