<?xml version="1.0"?>
<!DOCTYPE hibernate-mapping PUBLIC "-//Hibernate/Hibernate Mapping DTD 3.0//EN"
"http://hibernate.sourceforge.net/hibernate-mapping-3.0.dtd">
<!-- Generated 2017-8-22 16:12:11 by Hibernate Tools 3.4.0.CR1 -->
<hibernate-mapping>
    <class name="com.hibernate.helloworld.n21.both.Customer" table="CUSTOMERS">
        <id name="customerId" type="java.lang.Integer">
            <column name="CUSTOMER_ID" />
            <generator class="native" />
        </id>
        <property name="customerName" type="java.lang.String">
            <column name="CUSTOMER_NAME" />
        </property>
        
        <!-- 
        	映射1对多的集合属性
        	set:映射set类型的属性，
        	table：set中的元素对应的记录放在哪一个数据表中，该值需要和多对一的那个表名字一致
        	inverse:指定由哪一方来维护关联关系，通常设置为true，以指定由多的一端来维护关联关系
         -->
         <!-- cascade设定级联操作，开发时不推荐该属性，建议用手工方式来处理 -->
         <!-- order-by 在查询时对集合中的元素进行排序，order-by中使用的是表的字段名，而不是持久化类的属性名 -->
        <set name="orders" table="ORDERS" inverse="true" cascade="save-update" order-by="ORDER_NAME DESC">
        	<!-- 执行多的表中外键列的名字 -->
        	<key column="CUSTOMER_ID"></key>
        	<one-to-many class="com.hibernate.helloworld.n21.both.Order"/>
        </set>
    </class>
</hibernate-mapping>
