<?xml version="1.0"?>
<!DOCTYPE hibernate-mapping PUBLIC "-//Hibernate/Hibernate Mapping DTD 3.0//EN"
"http://hibernate.sourceforge.net/hibernate-mapping-3.0.dtd">
<!-- Generated 2017-8-24 9:04:31 by Hibernate Tools 3.4.0.CR1 -->
<hibernate-mapping>
    <class name="com.hibernate.n2n.Category" table="CATEGORY">
        <id name="id" type="java.lang.Integer">
            <column name="ID" />
            <generator class="native" />
        </id>
        <property name="name" type="java.lang.String">
            <column name="NAME" />
        </property>
        <!-- table指定中间表 -->
        <set name="items" table="CATEGORIES_ITEMS">
            <key>
                <column name="C_ID" />
            </key>
            <!-- 
            	使用many-to-many指定多对多的关联关系，column执行
            	set集合中的持久化类在中间表的外键列的名称 
            -->
            <many-to-many class="com.hibernate.n2n.Item" column="I_ID"></many-to-many>
        </set>
    </class>
</hibernate-mapping>
