<?xml version="1.0"?>
<!DOCTYPE hibernate-mapping PUBLIC "-//Hibernate/Hibernate Mapping DTD 3.0//EN"
"http://hibernate.sourceforge.net/hibernate-mapping-3.0.dtd">
<!-- Generated 2017-8-25 9:08:49 by Hibernate Tools 3.4.0.CR1 -->
<hibernate-mapping>
    <class name="com.hibernate.entities.Department" table="HP_DEPARTMENT">
        <id name="id" type="java.lang.Integer">
            <column name="ID" />
            <generator class="native" />
        </id>
        <property name="name" type="java.lang.String">
            <column name="NAME" />
        </property>
        <set name="emps" table="HP_EMPLOYEE" inverse="true" lazy="true">
            <key>
                <column name="DEPT_ID" />
            </key>
            <one-to-many class="com.hibernate.entities.Employee" />
        </set>
    </class>
</hibernate-mapping>
