<?xml version="1.0"?>
<!DOCTYPE hibernate-mapping PUBLIC "-//Hibernate/Hibernate Mapping DTD 3.0//EN"
"http://hibernate.sourceforge.net/hibernate-mapping-3.0.dtd">
<!-- Generated 2017-8-25 9:08:49 by Hibernate Tools 3.4.0.CR1 -->
<hibernate-mapping>
    <class name="com.hibernate.entities.Employee" table="HP_EMPLOYEE">
        <id name="id" type="java.lang.Integer">
            <column name="ID" />
            <generator class="native" />
        </id>
        <property name="name" type="java.lang.String">
            <column name="NAME" />
        </property>
        <property name="salary" type="float">
            <column name="SALARY" />
        </property>
        <property name="email" type="java.lang.String">
            <column name="EMAIL" />
        </property>
        <many-to-one name="dept" class="com.hibernate.entities.Department">
            <column name="DEPT_ID" />
        </many-to-one>
    </class>
    <query name="salaryEmps">
		<![CDATA[ FROM Employee e WHERE e.salary > :minSal AND e.salary < :maxSal]]>    
    </query>
</hibernate-mapping>
