<?xml version="1.0"?>
<!DOCTYPE hibernate-mapping PUBLIC "-//Hibernate/Hibernate Mapping DTD 3.0//EN"
"http://hibernate.sourceforge.net/hibernate-mapping-3.0.dtd">
<!-- Generated 2017-8-28 14:27:43 by Hibernate Tools 3.4.0.CR1 -->
<hibernate-mapping package="com.hibernate.extend">
    <class name="Person" table="PERSON" discriminator-value="PERSON">
        <id name="id" type="java.lang.Integer">
            <column name="ID" />
            <generator class="native" />
        </id>
        
        <!-- 配置辨别者列，只能配在id后面和property前面的位置 -->
        <discriminator column="TYPE" type="string"></discriminator>
        
        <property name="name" type="java.lang.String">
            <column name="NAME" />
        </property>
        <property name="age" type="int">
            <column name="AGE" />
        </property>
        
        <!-- 映射子类Student，使用subclass进行映射 -->
        <subclass name="Student" discriminator-value="STUDENT">
        	<property name="school" type="java.lang.String" column="SCHOOL"></property>
        </subclass>
    </class>
</hibernate-mapping>
