<?xml version="1.0"?>
<!DOCTYPE hibernate-mapping PUBLIC "-//Hibernate/Hibernate Mapping DTD 3.0//EN"
"http://hibernate.sourceforge.net/hibernate-mapping-3.0.dtd">
<!-- Generated 2017-8-15 10:40:56 by Hibernate Tools 3.4.0.CR1 -->
<hibernate-mapping package="com.hibernate.helloworld">
    <class name="News" table="NEWS" >
        <id name="id" type="integer">
            <column name="ID" />
            <!-- 指定主键的生成方式，native：使用数据库本地生成方式 -->
            <generator class="native" />
        </id>
        <property name="title" type="java.lang.String" >
            <column name="TITLE" />
        </property>
        <property name="author" type="java.lang.String">
            <column name="AUTHOR" />
        </property>
        <property name="date" type="java.util.Date">
            <column name="DATE" />
        </property>
        <property name="desc" formula="(SELECT concat(author, ': ', title) FROM NEWS n WHERE n.id = id)">
        </property>
        
        <property name="content" type="text"></property>
        <property name="image" type="blob"></property>
    </class>
</hibernate-mapping>
