<?xml version="1.0"?>
<!DOCTYPE hibernate-mapping PUBLIC "-//Hibernate/Hibernate Mapping DTD 3.0//EN"
"http://hibernate.sourceforge.net/hibernate-mapping-3.0.dtd">
<!-- Generated 2017-8-22 9:29:25 by Hibernate Tools 3.4.0.CR1 -->
<hibernate-mapping package="com.hibernate.helloworld">
    <class name="Worker" table="WORKER">
        <id name="id" type="java.lang.Integer">
            <column name="ID" />
            <generator class="native" />
        </id>
        <property name="name" type="java.lang.String">
            <column name="NAME" />
        </property>
		<!-- 映射组成关系 -->
		<component name="pay" class="Pay">
			<parent name="worker"/>
			<!-- 指定组成关系的组件的属性 -->
			<property name="monthlyPay" column="MONTHLY_PAY"></property>
			<property name="yearPay" column="YEAR_PAY"></property>
			<property name="vocationWithPay" column="VOCATION_WITH_PAY"></property>
		</component>
    </class>
</hibernate-mapping>
