<?xml version="1.0" encoding="UTF-8"?>
<!DOCTYPE hibernate-configuration PUBLIC
		"-//Hibernate/Hibernate Configuration DTD 3.0//EN"
		"http://hibernate.sourceforge.net/hibernate-configuration-3.0.dtd">
<hibernate-configuration>
    <session-factory>
    	<!-- 配置数据库连接的基本信息 -->
    	<property name="connection.username">root</property>
    	<property name="connection.password">mysqladmin</property>
    	<property name="connection.driver_class">com.mysql.jdbc.Driver</property>
    	<property name="connection.url">jdbc:mysql://localhost:3306/hp_hibernate</property>
    	<property name="connection.isolation">2</property>
    	
    	<!-- 配置hibernate的基本信息 -->
    	<!-- hibernate 所使用的数据库方言 -->
    	<property name="dialect">org.hibernate.dialect.MySQLDialect</property>
    	<!-- 执行操作时是否在控制台打印SQL -->
    	<property name="show_sql">true</property>
    	<!-- 是否对SQL进行格式化 -->
    	<property name="format_sql">true</property>
    	<!-- 指定自动生成表的策略 -->
    	<property name="hbm2ddl.auto">update</property>
    	
    	<property name="use_identifier_rollback">true</property>
    	<!-- 配置C3P0数据源 -->
    	<property name="hibernate.c3p0.max_size">10</property>
    	<property name="hibernate.c3p0.min_size">5</property>
    	<property name="hibernate.c3p0.acquire_increment">2</property>
    	<property name="hibernate.c3p0.idle_test_period">2000</property>
    	<property name="hibernate.c3p0.timeout">2000</property>
    	<property name="hibernate.c3p0.max_statements">10</property>
    	
    	<!-- 设定jdbc的statement读取数据的时候每次从数据库中取出记录的条数 -->
    	<property name="hibernate.jdbc.fetch_size">100</property>
    	<!-- 设定对数据库进行批量删除、批量更新、批量插入的时候的批次大小 -->
    	<property name="hibernate.jdbc.batch_size">30</property>
    	
    	<!-- 指定关联的hbm.xml文件 -->
<!--     	<mapping resource="com/hibernate/helloworld/News.hbm.xml"/>
    	<mapping resource="com/hibernate/helloworld/Worker.hbm.xml"/> -->
<!--     	<mapping resource="com/hibernate/helloworld/n21/Customer.hbm.xml"/>
    	<mapping resource="com/hibernate/helloworld/n21/Order.hbm.xml"/> -->
    	<mapping resource="com/hibernate/helloworld/n21/both/Customer.hbm.xml"/>
    	<mapping resource="com/hibernate/helloworld/n21/both/Order.hbm.xml"/>
    </session-factory>
</hibernate-configuration>
