<?xml version="1.0"?>
<!DOCTYPE hibernate-mapping PUBLIC "-//Hibernate/Hibernate Mapping DTD 3.0//EN"
"http://hibernate.sourceforge.net/hibernate-mapping-3.0.dtd">
<!-- Generated 2017-8-23 16:09:58 by Hibernate Tools 3.4.0.CR1 -->
<hibernate-mapping>
    <class name="com.hibernate.one2one.primary.Department" table="DEPARTMENT">
        <id name="deptId" type="java.lang.Integer">
            <column name="DEPT_ID" />
            <!-- 使用外键的方式来生成当前的主键 -->
            <generator class="foreign" >
            <!-- property属性指定使用当前持久化类的哪一个属性的主键作为外键 -->
            	<param name="property">mgr</param>
            </generator>
        </id>
        <property name="deptName" type="java.lang.String">
            <column name="DEPT_NAME" />
        </property>
        <!-- 
        	采用foreign主键生成器策略的一端增加one-to-one元素映射关联关系
        	其中要增加 constrained="true" 属性，以使当前的主键添加外键约束
         -->
        <one-to-one name="mgr" class="com.hibernate.one2one.primary.Manager"
        constrained="true"></one-to-one>
    </class>
</hibernate-mapping>
