<?xml version="1.0"?>
<!DOCTYPE hibernate-mapping PUBLIC "-//Hibernate/Hibernate Mapping DTD 3.0//EN"
"http://hibernate.sourceforge.net/hibernate-mapping-3.0.dtd">
<!-- Generated 2017-8-23 16:09:58 by Hibernate Tools 3.4.0.CR1 -->
<hibernate-mapping>
    <class name="com.hibernate.one2one.primary.Manager" table="MANAGER">
        <id name="mgrId" type="java.lang.Integer">
            <column name="MGR_ID" />
            <generator class="native" />
        </id>
        <property name="mgrName" type="java.lang.String">
            <column name="MGR_NAME" />
        </property>
        <one-to-one name="dept" class="com.hibernate.one2one.primary.Department"></one-to-one>
    </class>
</hibernate-mapping>
